interno_ime,smucisce,drzava,nadmorska_visina,km_prog,karta,valuta
burglift-stans,Burglift Stans,AT,560 - 800,1,n/a,n/a
bezovec,Bezovec,SK,600 - 750,3.1,"16,00",€
bublava-stribrna,Bublava - Stříbrná,CZ,610 - 802,5,n/a,n/a
selce-cachovo,Selce-Čachovo,SK,470 - 650,2.3,n/a,n/a
barmsee-kruen,Barmsee / Krün,DE,900 - 950,0.7,n/a,n/a
kaniowka,Kaniówka,PL,780 - 870,1.3,n/a,n/a
tabarz-inselberg,Inselsberg / Bad Tabarz,DE,720 - 900,2.1,"30,00",€
ski-areal-severak,Severák / Jizerky,CZ,730 - 795,4.2,n/a,n/a
altenfeld,Altenfeld,DE,650 - 710,0.3,n/a,n/a
alpin-lift-hausen-an-der-lauchert,Alpin-Lift / Hausen an der Lauchert,DE,700 - 850,1.5,n/a,n/a
cerny-dul,Černý Důl / Černá hora - Pec,CZ,580 - 885,6.5,n/a,n/a
boehmenkirch-treffelhausen,Treffelhausen / Böhmenkirch,DE,650 - 707,1,n/a,n/a
kosutka-hrinova,Košútka - Hriňová,SK,503 - 723,2.6,n/a,n/a
am-gruendelwald,am Gründelwald / Jöhstadt,DE,670 - 780,1.3,n/a,n/a
ryterski-raj,Ryterski Raj,PL,408 - 628,0,n/a,n/a
silbersattel,Skiarena Silbersattel,DE,590 - 840,4.5,"28,00",€
cesky-jiretin,Český Jiřetín,CZ,630 - 800,2.3,n/a,n/a
skilift-markt-hartmannsdorf,Hartmannsdorfer Skipiste,AT,346 - 405,0.6,"8,00",€
hartmanice,Hartmanice,CZ,710 - 850,1.6,"480,00",CZK
regensberg,Regensberg - Im Buck,CH,617 - 666,0.3,n/a,n/a
lohwaldhaeng,Lohwaldhäng / Lindberg,DE,635 - 688,0.3,"6,00",€
ski-makov,Ski Makov,SK,660 - 948,6.1,n/a,n/a
kvasejovice,Kvasejovice,CZ,496 - 555,0,n/a,n/a
waldrastlift-ehenbichl,Waldrastlift / Ehenbichl,AT,856 - 984,0.5,n/a,n/a
bodenmais-silberberg,Bodenmais - Silberberg,DE,750 - 955,2,n/a,n/a
kniebreche,An der Kniebreche / Steinbach-Hallenberg,DE,560 - 680,0.8,n/a,n/a
cicmany,Čičmany,SK,650 - 973,4.3,n/a,n/a
jakobsthal-am-englaender,Jakobsthal / Am Engländer,DE,420 - 500,3,n/a,n/a
oberer-schlossberg-sankt-georgen,Oberer Schloßberg / St. Georgen,DE,920 - 970,0.4,"19,00",€
ladek-zdroj,Stacja Narciarska Lądek Zdrój,PL,600 - 700,0,n/a,n/a
piz-bohl-strassberg,Piz Bohl / Strassberg,DE,700 - 800,0.5,"10,00",€
petrikovice,Petříkovice,CZ,435 - 575,2.7,n/a,n/a
oberhelfenschwil,Oberhelfenschwil,CH,798 - 866,0.4,n/a,n/a
mareszka,Mareszka,PL,455 - 530,0,n/a,n/a
sonnenwald,Sonnenwald,DE,810 - 965,3.2,n/a,n/a
stcorona,Familienskiland St. Corona am Wechsel,AT,840 - 920,1,"34,00",€
beskidek,Beskidek,PL,530 - 720,1.6,n/a,n/a
stozek,Stożek,PL,713 - 959,3.3,n/a,n/a
myto-jawornik,Myto Jawornik / Zwardoń,PL,667 - 800,0,n/a,n/a
schoenau-am-koenigssee-gruensteinlift,Grünsteinlift - Schönau am Königssee / Berchtesgadener Land,DE,630 - 750,0.4,n/a,n/a
klepacov,Klepáčov,CZ,740 - 850,1.3,n/a,n/a
taele-messstetten,Täle / Meßstetten,DE,860 - 930,0.6,n/a,n/a
privrat,Přívrat,CZ,450 - 510,1.4,n/a,n/a
rudno,Rudno,SI,490 - 571,0.6,"15,00",€
jastrzebia,Jastrzębia,PL,287 - 356,0,n/a,n/a
gansberg,Gansberg,CZ,590 - 630,0.4,n/a,n/a
herchenhainer-hoehe,Herchenhainer Höhe,DE,666 - 733,0.6,n/a,n/a
spa,Spa - Thier des Rexhons,BE,454 - 530,0.6,n/a,n/a
kaiserblick-sachrang,Kaiserblick Sachrang - Aschau,DE,738 - 818,3,"17,00",€
ski-centrum-nizna-uhliska,Ski Centrum Nižná Uhliská,SK,600 - 860,4.3,n/a,n/a
sankt-radegund,St. Radegund Lift,AT,762 - 800,0,n/a,n/a
oaza-ski,Oaza Ski,PL,250 - 343,0,n/a,n/a
smucisce,Ski Bor Črni vrh,SI,690 - 780,0.4,n/a,n/a
kuncice,Kunčice,CZ,650 - 850,5.3,n/a,n/a
kolej-baba,Kolej Baba,PL,750 - 920,0.9,n/a,n/a
kirchschlag,Kirchschlag,AT,750 - 900,3,"25,00",€
schiwiese-markt-piesting,Markt Piesting,AT,350 - 375,0,n/a,n/a
lierneux,Lierneux - Le Monty,BE,436 - 490,1.2,"12,00",€
mlade-buky,Mladé Buky,CZ,550 - 670,5.1,n/a,n/a
kohutka,Kohútka,CZ,715 - 913,6.6,n/a,n/a
le-frenz,Le Frenz,FR,770 - 990,0.5,"13,00",€
altenau,Torfhauslifte Altenau,DE,740 - 820,0.8,"28,00",€
neukirchen-lautertal,Neukirchen / Lautertal,DE,400 - 490,0.8,"25,00",€
riesenlehen-sankt-georgen-am-reith,Riesenlehen / St. Georgen am Reith,AT,500 - 620,0.4,"14,00",€
tanvaldsky-spicak,Tanvaldský Špičák / Jizerky,CZ,542 - 812,8.2,n/a,n/a
albstadt-lautlingen,Albstadt / Lautlingen,DE,680 - 710,1,n/a,n/a
st-andreasberg-matthias-schmidt-berg,St. Andreasberg - Matthias-Schmidt-Berg,DE,550 - 700,11,"30,00",€
na-stoku,Na Stoku,PL,620 - 716,0,n/a,n/a
zborov,Zborov,CZ,515 - 600,0,n/a,n/a
bedea-novaggio,Bedea Novaggio,CH,620 - 660,0.4,n/a,n/a
doebrastockenlift,Döbrastöckenlift /Schwarzenbach,DE,650 - 700,0.3,n/a,n/a
olesnice-v-orlickych-horach,Olešnice v Orlických horách,CZ,645 - 730,1.6,n/a,n/a
plavy,Plavy,CZ,420 - 526,0,n/a,n/a
skilift-mastrils,Skilift Mastrils,CH,720 - 940,3,n/a,n/a
aldrov-vitkovice,Aldrov - Vitkovice,CZ,600 - 733,3,n/a,n/a
duzy-rachowiec,Duży Rachowiec / Zwardón,PL,680 - 920,5.5,n/a,n/a
dubovica-zliabky,Dubovica-Žliabky,SK,430 - 778,5.3,n/a,n/a
le-poli-xonrupt-longemer,Le Poli / Xonrupt-Longemer,FR,800 - 970,1.4,"16,00",€
kladky,Kladky,CZ,515 - 605,0,n/a,n/a
lucifer,Lucifer,CZ,620 - 720,0,n/a,n/a
gwarek,Gwarek,PL,770 - 840,0,n/a,n/a
den-haag,De Uithof / Den Haag,NL,10 - 30,0.2,n/a,n/a
kokuszka,Kokuszka,PL,410 - 554,0,n/a,n/a
snow-world-bispingen,SnowWorld Bispingen,DE,90 - 125,0.3,"49,50",€
bad-lauterberg-heibek,Bad Lauterberg - Heibek,DE,300 - 360,0.6,n/a,n/a
lazensky-vrch,Lázeňský vrch,CZ,500 - 600,1.6,n/a,n/a
mrzla-dolina,Mrzla dolina,SI,330 - 345,0.3,n/a,n/a
moravka-svinorky,Morávka Sviňorky,CZ,504 - 648,0.9,n/a,n/a
lysa-gora-sopot,Łysa Góra Sopot,PL,70 - 110,0.3,n/a,n/a
nove-hamry,Nové Hamry,CZ,720 - 860,1.6,n/a,n/a
miroslav,Miroslav,CZ,635 - 866,2.9,n/a,n/a
arralifte,Arralifte / Harmanschlag,AT,734 - 857,2.1,"28,00",€
szopowe,Szopowe,PL,300 - 320,0,n/a,n/a
eschenberg-niedersfeld,Eschenberglifte / Niedersfeld,DE,580 - 725,3.8,"25,00",€
piekna-gora-goldap,Piękna Góra - Gołdap,PL,190 - 270,2,n/a,n/a
czerwienne,Czerwienne,PL,798 - 890,0,n/a,n/a
sous-le-mont,Sous le Mont,CH,850 - 920,0.4,n/a,n/a
nad-nadrazim,Nad Nádražím - Belveder,CZ,786 - 896,1.6,n/a,n/a
tesak,Tesák,CZ,580 - 750,3.2,n/a,n/a
skilift-uehlingen-birkendorf,Brenden / Ühlingen - Birkendorf,DE,815 - 900,0.5,n/a,n/a
skiarena-sulzbuerg,Skiarena Sulzbürg / Mühlhausen,DE,473 - 550,0,n/a,n/a
skilift-pfulb,Pfulb,DE,750 - 800,1.5,n/a,n/a
parchatka,Parchatka,PL,145 - 175,0.8,n/a,n/a
razula,Razula,CZ,590 - 782,1,"690,00",CZK
jalovec,Jalovec,CZ,495 - 575,0.8,n/a,n/a
holzhau,Holzhau,DE,600 - 800,3,n/a,n/a
vernirovice,Vernířovice,CZ,508 - 605,0,n/a,n/a
bournak,Bouřňák,CZ,590 - 870,6.8,n/a,n/a
halde,Halde / Westerheim,DE,775 - 825,2,n/a,n/a
chotoun,Chotouň,CZ,350 - 440,0.5,n/a,n/a
sindelna,Šindelná,CZ,650 - 800,0,n/a,n/a
amalka,Amalka,PL,167 - 195,0,n/a,n/a
medebach-hallenberg-schlossberg,Medebach - Hallenberg - Schlossberg,DE,682 - 789,1.2,"20,00",€
aalen-hirtenteich,Aalen / Hirtenteich,DE,570 - 690,4,n/a,n/a
hagenberg-sulzberg-thal,Hagenberg Sulzberg-Thal,AT,600 - 930,4.4,"25,00",€
jacnia,Jacnia,PL,265 - 320,0,n/a,n/a
vetrny-vrch,Větrný vrch,CZ,654 - 822,3,n/a,n/a
sachty,Šachty,CZ,510 - 700,5.4,n/a,n/a
ebersberg,Waldsportpark Ebersberg,DE,560 - 585,0.2,n/a,n/a
alpalouka,Alpalouka,CZ,835 - 995,0.9,n/a,n/a
laerchenhof-erpfendorf,Lärchenhof Erpfendorf,AT,710 - 860,1,n/a,n/a
grosserlach,Großerlach,DE,550 - 610,1.1,n/a,n/a
kotlje,Kotlje,SI,495 - 550,0.8,"16,00",€
hajduk-murzasichle,Hajduk - Murzasichle,PL,850 - 880,0,n/a,n/a
astenberg-wiesing,Astenberg / Wiesing - Achensee,AT,566 - 900,1,n/a,n/a
kocierz,Kocierz,PL,664 - 725,0,n/a,n/a
jossgrund-oberndorf,Jossgrund-Oberndorf,DE,320 - 350,0.5,n/a,n/a
dolni-dvur,Dolní Dvůr,CZ,610 - 760,1.1,n/a,n/a
stajkowa-ski,Stajkowa Ski,PL,426 - 512,0,n/a,n/a
schanze-schmallenberg,Schanze / Schmallenberg,DE,640 - 720,1,n/a,n/a
olpe-fahlenscheid,Olpe - Fahlenscheid,DE,500 - 600,2,"28,00",€
beratzhausen-schlossberg,Beratzhausen / Schlossberg - Haderlsdorf,DE,472 - 532,0.3,n/a,n/a
potucky,Potůčky,CZ,736 - 812,0.7,"15,00",€
skalka,Skalka,CZ,250 - 300,0,n/a,n/a
severka,Severka,CZ,950 - 660,2.8,n/a,n/a
attergau-schilift-kronberg,Kronberg / Attergau,AT,536 - 630,1,"20,00",€
altastenberg,Skikarussell Altastenberg,DE,680 - 800,8,"39,00",€
certova-hora,Čertova hora,CZ,660 - 750,0,n/a,n/a
mrakotin,Mrákotín,CZ,525 - 595,0.7,n/a,n/a
pysna,Pyšná,CZ,613 - 745,0.8,n/a,n/a
st-oswald-riedlhuette,St. Oswald - Riedlhütte,DE,790 - 880,0.3,n/a,n/a
lesko-ski,Lesko-Ski / Weremień,PL,417 - 532,1.4,n/a,n/a
opalena,Opálená,CZ,560 - 670,0,n/a,n/a
kasina,Kasina Ski&amp;Bike Park,PL,650 - 950,2.6,n/a,n/a
karpatka-panorama,Karpatka Panorama,PL,600 - 655,0.4,n/a,n/a
javornik,Javornik,SI,800 - 900,1,n/a,n/a
schmallenberg-boedefeld-hunau,Bödefeld - Hunau / Schmallenberg,DE,604 - 810,1.5,"35,00",€
laichingen,Laichingen,DE,760 - 790,0.4,n/a,n/a
kaste-petrikov,Kaste Petříkov,CZ,740 - 950,4.3,n/a,n/a
monte-voggo-voggenthal,Monte Voggo / Voggenthal,DE,520 - 570,0.4,n/a,n/a
certak-karlov,KarlovSki EXPRESS/ Ski Arena Karlov,CZ,690 - 810,8.8,n/a,n/a
fridingen-antoni,Fridingen / Antoni,DE,680 - 800,1.5,n/a,n/a
dorflift-landl,Landl,AT,500 - 520,0.2,n/a,n/a
sellinghausen-schmallenberg,Sellinghausen / Schmallenberg,DE,460 - 600,1.6,"24,50",€
sanov,Šanov,CZ,600 - 715,0,n/a,n/a
wildmooslift-oberau,Wildmoos-Lift - Oberau / Berchtesgadener Land,DE,850 - 890,0,n/a,n/a
amberglift-walchsee,Amberglift / Walchsee,AT,658 - 750,0.5,"24,50",€
celnica,Celnica,CZ,830 - 915,0,n/a,n/a
klausenlift-mehlmeisel,Klausenlift Mehlmeisel,DE,650 - 815,1,"22,00",€
rudletzholzer-hang-heideck,Rudletzholzer Hang - Heideck,DE,410 - 450,0.3,n/a,n/a
swiniorka-dolina-lesnicy,Świniorka - Dolina Leśnicy,PL,500 - 695,2.6,n/a,n/a
horn-bad-meinberg,Holzhausen - Externsteine / Horn-Bad Meinberg,DE,350 - 400,0.3,n/a,n/a
lipno,Lipno,CZ,708 - 900,13.4,"1,150",CZK
weisser-stein-eifel,Weißer Stein Eifel,DE,610 - 693,0,n/a,n/a
strelniky,Strelníky,SK,700 - 750,1.9,n/a,n/a
hluboka-u-trhove-kamenice,Hluboká u Trhové Kamenice,CZ,520 - 580,0.6,n/a,n/a
schidorf-kirchbach,Kirchbach,AT,640 - 735,0.7,"25,00",€
cerinek,Čeřínek,CZ,650 - 750,0.6,n/a,n/a
herrischried,Herrischried,DE,870 - 980,3.3,n/a,n/a
zuckerfeld,Zuckerfeld,DE,600 - 900,5,n/a,n/a
hennenstein-trochtelfingen,Hennenstein / Trochtelfingen,DE,720 - 750,0.3,n/a,n/a
spalona,Spalona Stacja Narciarska,PL,742 - 800,1,n/a,n/a
ski-raztoka,Ski Ráztoka,SK,630 - 830,1,n/a,n/a
ilgenlift-steingaden,Ilgenlift Steingaden,DE,790 - 900,0,n/a,n/a
kasperky,Kašperky,CZ,702 - 779,1.7,n/a,n/a
hochsolling,Hochsolling,DE,432 - 470,1,n/a,n/a
arlamow,Arłamów,PL,512 - 585,0,n/a,n/a
balucianka,Bałucianka,PL,480 - 530,1.3,n/a,n/a
schleching-geigelstein,Schleching - Ettenhausen,DE,630 - 650,1,n/a,n/a
kartasiowka,Kartasiówka,PL,100 - 134,0,n/a,n/a
cieniawa,Cieniawa ski,PL,442 - 540,0,n/a,n/a
zbraslav-u-brna,Zbraslav u Brna,CZ,458 - 503,0,n/a,n/a
schwannerlift,Schwannerlift Weerberg,AT,850 - 950,1,n/a,n/a
luce,Luče,SI,530 - 600,0,n/a,n/a
lodowiec-babica,Lodowiec Babica,PL,230 - 308,0,n/a,n/a
wasentegernbach,Wasentegernbach,DE,471 - 493,0.7,"5,00",€
mladkov-petrovicky,Mladkov - Petrovičky,CZ,580 - 697,1.4,n/a,n/a
parez,Pařez / Rokytnice nad Jizerou,CZ,630 - 690,0.6,n/a,n/a
hrabesice,Hraběšice,CZ,530 - 696,2.4,n/a,n/a
hauzenberg-geiersberg,Hauzenberg - Geiersberg,DE,800 - 840,0.8,n/a,n/a
annaberg-andelska-hora,Annaberg Andělská Hora,CZ,700 - 861,1.5,n/a,n/a
kreherwiese-poehlberg,Kreherwiese / Pöhlberg,DE,679 - 815,0.5,n/a,n/a
st-veit-im-pongau-astenlift,St. Veit im Pongau / Astenlift,AT,763 - 820,0.5,n/a,n/a
sandberg-bopfingen,Sandberg / Bopfingen,DE,540 - 610,1.1,n/a,n/a
augustusburg,Augustusburg,DE,350 - 500,2,n/a,n/a
kocourov,Kocourov,CZ,485 - 575,1,n/a,n/a
telnice,Telnice,CZ,600 - 796,7.4,"800,00",CZK
tylicz,Tylicz,PL,590 - 740,6,n/a,n/a
pozdechov,Pozděchov,CZ,570 - 650,0.8,n/a,n/a
svoboda-nad-upou,Svoboda nad Úpou / Černá hora - Pec,CZ,570 - 644,1,n/a,n/a
dluga-polana,Długa Polana,PL,690 - 780,0,n/a,n/a
skalite-serafinov,Skalité - Serafínov,SK,620 - 780,2,n/a,n/a
voithenberg-gibacht,Voithenberg Gibacht,DE,400 - 900,5,n/a,n/a
bureiberg-altreichenau,Bureiberg / Altreichenau,DE,700 - 800,0.4,n/a,n/a
natraj,Natraj / Chrzanów,PL,280 - 310,2.4,n/a,n/a
rychlov-u-knezic,Rychlov u Kněžic,CZ,528 - 580,0.4,n/a,n/a
kirchdorf-in-tirol,Kirchdorf in Tirol / Kitzbüheler Alpen,AT,640 - 720,1,"24,50",€
cisowa,Cisowa,PL,330 - 420,1.3,n/a,n/a
wengen,Wengen / Weitnau,DE,800 - 900,1.5,"13,00",€
bobliwo,Bobliwo,PL,207 - 258,0.9,n/a,n/a
alte-reite-rosshaupten,Alte Reite - Roßhaupten,DE,815 - 885,4,"10,00",€
zoetermeer,SnowWorld Zoetermeer,NL,12 - 50,0.7,"53,50",€
schwarzenberg-elstra,Schwarzenberg / Elstra,DE,300 - 416,1.8,n/a,n/a
brenna-wegierski,Brenna Węgierski,PL,575 - 915,4.3,n/a,n/a
mossautal-guettersbach,Mossautal - Güttersbach,DE,355 - 370,0.2,n/a,n/a
wolfsschlucht,Wolfsschlucht / Prüm,DE,482 - 557,0.7,n/a,n/a
langenbruck,Langenbruck,CH,750 - 950,3.5,n/a,n/a
terneuzen,SnowWorld Terneuzen,NL,5 - 25,0.4,"53,50",€
zliechov,Zliechov,SK,700 - 895,0,n/a,n/a
brotterode,Brotterode,DE,580 - 916,0.7,n/a,n/a
as-vrch-haj,Aš / Vrch Haj,CZ,620 - 750,1.8,n/a,n/a
moosach-tranzlberg,Moosach am Tranzlberg,DE,528 - 545,0.2,n/a,n/a
sehmatal,Sehmatal - Paulusberg/Neudorf,DE,713 - 820,1,"22,00",€
turek,Turek,CZ,500 - 688,3.3,n/a,n/a
ski-ostruzna-retezarna,Ostružná - Řetězárna,CZ,860 - 955,1.1,n/a,n/a
erlbach-kegelberg,Kegelberg - Erlbach,DE,580 - 755,2.8,"23,00",€
steig-baeretswil,Steig - Bäretswil,CH,725 - 835,1,n/a,n/a
prachen,Prácheň,CZ,500 - 575,0,n/a,n/a
seiffen,Seiffen - Reicheltberg,DE,640 - 740,1.8,n/a,n/a
winiarska,Winiarska,PL,455 - 478,0,n/a,n/a
pokljuka-zatrnik,Zatrnik,SI,900 - 950,1,"12,00",€
hohenstein,Hohenstein - Kirchensittenbach,DE,580 - 624,0.4,n/a,n/a
skiareal-homole-ponikla,Skiareál Homole Poniklá,CZ,500 - 670,3.5,n/a,n/a
skicentrum-tajov,Skicentrum Tajov,SK,540 - 640,1,n/a,n/a
svratka,Svratka,CZ,675 - 750,0.5,n/a,n/a
nowa-osada,Nowa Osada,PL,485 - 681,4,n/a,n/a
vraclavek,Vraclávek,CZ,505 - 635,0,n/a,n/a
jasenka,Jasenka,CZ,425 - 503,2.5,n/a,n/a
winterwelt-rehefeld,Winterwelt Rehefeld,DE,690 - 830,3,n/a,n/a
zwiesel-rabenstein,Zwiesel / Rabenstein,DE,600 - 650,0.4,n/a,n/a
miesenbach-wiesenhofer,Miesenbach / Wiesenhofer,AT,800 - 900,0,n/a,n/a
x-park-frantiskov,X-Park Františkov,CZ,552 - 634,0.6,n/a,n/a
mezivodi,Mezivodí,CZ,602 - 712,1.3,n/a,n/a
kubasok-spisske-bystre,Kubašok - Spišské Bystré,SK,675 - 850,1.2,n/a,n/a
brabant-la-bresse,Brabant - La Bresse,FR,837 - 990,3.4,"16,50",€
sentjost-nad-horjulom,Šentjošt nad Horjulom,SI,625 - 667,1,n/a,n/a
nocksteinlifte,Nocksteinlifte / Koppl,AT,694 - 795,1,"14,00",€
rotterhang-schellerhau,Rotterhang / Schellerhau,DE,750 - 800,0,n/a,n/a
jauerling,Jauerling / Maria Laach,AT,825 - 959,1,"24,50",€
langenau-tettau,Langenau - Tettau,DE,610 - 650,0.3,n/a,n/a
rohy,Rohy,CZ,700 - 800,0.5,n/a,n/a
hoernergruppe-fischen,Fischen,DE,761 - 980,1,"24,00",€
schlossberg-st-georgen,Schloßberg / St. Georgen,DE,900 - 970,0,"18,00",€
mayen,Skilift Mayen in Arft/Eifel,DE,580 - 630,1.5,"13,00",€
schorrberg,Schorrberg / Bad Marienberg,DE,450 - 500,1.1,"20,00",€
lakcenhaeuser-neureichenau,Lackenhäuser / Neureichenau,DE,775 - 786,0.2,n/a,n/a
u-zura,U Żura - Chabówka,PL,500 - 540,0,n/a,n/a
simmelsberg-hanau,Skizentrum Simmelsberg - Skiclub Hanau,DE,660 - 840,5,"20,00",€
ski-drienica,Drienica,SK,555 - 740,2.5,n/a,n/a
de-kempervennen,Montana Snowcenter,NL,30 - 45,0.2,"37,50",€
solisko-horni-becva,Solisko Horní Bečva,CZ,606 - 741,1.3,n/a,n/a
gora-zar,Góra Żar,PL,450 - 750,2,"119,00",PLN
westernberg-ruhpolding,Westernberg / Ruhpolding,DE,670 - 750,1,n/a,n/a
kolorowa,Kolorowa,PL,620 - 684,0,n/a,n/a
fahrenberg-vohenstrauss,Fahrenberg - Vohenstrauß,DE,660 - 800,2,n/a,n/a
oberhof,Oberhof / Fallbachlift,DE,720 - 842,1.3,"28,00",€
hermsdorf-erzgebirge,Hermsdorf / Erzgebirge,DE,660 - 805,1,n/a,n/a
salmendingen,Salmendingen,DE,858 - 889,1.3,n/a,n/a
janina,Janina,SI,248 - 362,0.4,n/a,n/a
vysoka-u-havlickova-brodu,Vysoká u Havlíčkova Brodu,CZ,494 - 587,0.6,n/a,n/a
gace,SC Gače,SI,680 - 965,8,"30,00",€
policka,Polička - Liboháj,CZ,573 - 620,0.4,n/a,n/a
greising-deggendorf,Greising - Deggendorf,DE,800 - 870,0.5,n/a,n/a
snow-valley,Snow Valley - Peer,BE,60 - 102,0.5,n/a,n/a
mukinje-plitvice,Mukinje Plitvice,HR,640 - 690,1.5,n/a,n/a
engstingen,Engstingen,DE,700 - 780,1.6,"15,00",€
witow-ski,Witów Ski,PL,830 - 980,1.1,n/a,n/a
poseka,Poseka/Ravne,SI,423 - 587,0,n/a,n/a
skipark-vysne-ruzbachy,Skipark Vyšné Ružbachy,SK,650 - 790,3.1,n/a,n/a
willingen,Willingen,DE,560 - 840,17,"40,00",€
dlouhonovice,Dlouhoňovice,CZ,442 - 478,0.7,n/a,n/a
solan,Soláň,CZ,680 - 860,1.4,n/a,n/a
skilift-winterhalde,Winterhalde / Degenfeld,DE,540 - 600,1.5,"18,00",€
hempelsberg-geiersberg,Hempelsberg - Geiersberg / Oberwarmensteinach,DE,650 - 750,2,"25,00",€
ski-cierny-balog,Ski Čierny Balog,SK,559 - 809,5,n/a,n/a
tale,Tále,SK,650 - 870,2.6,n/a,n/a
grun,Grúň,CZ,750 - 930,4.3,n/a,n/a
skilift-haberinglift-poelstal,Haberinglift / Kinderschilift Pölstal,AT,933 - 970,3,"21,00",€
neukirchen-am-teisenberg,Skilift Neukirchen am Teisenberg / Berchtesgadener Land,DE,700 - 900,3,"18,00",€
hammerbodenlift-grossreifling,Hammerbodenlift Großreifling,AT,500 - 520,0.4,n/a,n/a
sebnitz-buchberg,Sebnitz am Buchberg,DE,374 - 489,1.8,"25,00",€
kreuth-kirchberg,Kreuth - Kirchberg,DE,800 - 850,1,n/a,n/a
polomka-bucnik,Polomka Bučník,SK,608 - 905,3.7,n/a,n/a
dobel-albtal,Dobel / Albtal,DE,670 - 720,0.5,n/a,n/a
racibor-oravsky-podzamok,Racibor - Oravský Podzámok,SK,506 - 743,8.4,n/a,n/a
holzelfingen,Wintersport Arena Holzelfingen,DE,720 - 801,3,"30,50",€
zlaim-grundlsee,Zlaim / Grundlsee,AT,760 - 900,1,"20,00",€
srodula-sport-sosnowiec,Środula Sport - Sosnowiec,PL,270 - 320,0.5,n/a,n/a
panorama-stedrakova-lhota,Panorama Štědrákova Lhota,CZ,500 - 750,2.3,"420,00",CZK
skipot,Skipot,CZ,713 - 813,1.2,"18,00",€
hartman,Hartman,CZ,610 - 710,2.1,n/a,n/a
hansberg,Hansberg,AT,752 - 850,1.2,"24,50",€
laworta,Laworta,PL,513 - 769,1.3,n/a,n/a
skicentrum-destne,Skicentrum Deštné,CZ,610 - 850,4.9,n/a,n/a
vurmovka,Vurmovka,CZ,750 - 850,1.8,n/a,n/a
nussbaumerlifte-hof,Nussbaumer Lifte / Hof bei Salzburg,AT,760 - 900,1,n/a,n/a
eschen-betzweiler,Eschen / Betzweiler,DE,594 - 638,0.3,n/a,n/a
filipovice,Filipovice,CZ,670 - 860,3.1,n/a,n/a
machuzky,Machůzky,CZ,535 - 735,1.4,n/a,n/a
trojak,Troják,CZ,500 - 585,1.4,n/a,n/a
zacler,Žacléř,CZ,570 - 830,5,n/a,n/a
huzele,Huzele / Lesko,PL,320 - 400,1.8,n/a,n/a
luka-nad-jihlavou,Luka nad Jihlavou,CZ,465 - 555,1.2,n/a,n/a
kozinec,Kozinec,CZ,439 - 524,0.5,n/a,n/a
loeffingen-dittishausen,Löffingen / Dittishausen,DE,800 - 850,0,n/a,n/a
lauscha-ernstthal,Lauscha - Ernstthal,DE,740 - 835,2.1,"24,00",€
weiler-simmerberg,Oberberglifte Simmerberg,DE,750 - 900,1,"16,50",€
rieder-weiher-dollnstein,Rieder Weiher - Dollnstein,DE,439 - 505,0.3,n/a,n/a
eichfeldlift,Eichfeldlift / Turnau,AT,784 - 850,1,"25,00",€
ricky-v-orlickych-horach,Říčky v Orlických horách,CZ,752 - 992,4,n/a,n/a
kozakov,Kozákov,CZ,630 - 725,0,n/a,n/a
zadzial,Zadział,PL,640 - 720,0,n/a,n/a
osvetimany,Osvětimany,CZ,290 - 380,0,n/a,n/a
karolinka,Karolinka,CZ,500 - 700,2.8,n/a,n/a
meissner-eschwege,Meißner / Eschwege,DE,620 - 750,1.4,n/a,n/a
family-ski-park-bret-zacler,Family Ski Park Bret Žacléř,CZ,526 - 600,1,n/a,n/a
stgeorgen,Schorschilift / St. Georgen am Walde,AT,750 - 787,1,"22,00",€
klingenthal,Skilifte Klingenthal,DE,570 - 936,0.7,n/a,n/a
kazimierz,Kazimierz,PL,140 - 186,1.4,n/a,n/a
allerheiligen-im-muehlkreis,Allerheiligen im Mühlkreis,AT,510 - 570,0,n/a,n/a
grafenau,Grafenau,DE,450 - 710,0,n/a,n/a
grapa-litwinka,Grapa Litwinka,PL,740 - 891,1.8,n/a,n/a
goldlauter-heidersbach-suhl,Goldlauter - Heidersbach / Suhl,DE,630 - 835,1.1,n/a,n/a
eibenstock,Eibenstock,DE,650 - 780,1,n/a,n/a
kolmberg,Kolmberg - Neuhof an der Zenn,DE,330 - 405,0.5,n/a,n/a
snowworld-amneville,Snowworld Amnéville,FR,200 - 280,0.7,"49,95",€
skiareal-kamenec,Kamenec / Jablonec nad Jizerou,CZ,450 - 672,3.2,n/a,n/a
tumlin,Tumlin,PL,306 - 380,0,n/a,n/a
snow-sun-vadicov,SNOW SUN VADIČOV,SK,540 - 633,0.8,n/a,n/a
hradek,Hrádek,CZ,500 - 578,1.2,n/a,n/a
skilift-breitenfurt-brenneralm,Breitenfurt,AT,385 - 475,0.8,n/a,n/a
ski-vitanova-vrchdolinky,SKI VITANOVÁ Vrchdolinky,SK,725 - 968,7.4,n/a,n/a
masserberg,Masserberg - Am Ersteberg,DE,730 - 830,0.6,n/a,n/a
radvanice,Radvanice,CZ,550 - 650,1.3,n/a,n/a
wyciag-dabrowka,Wyciąg Dąbrówka,PL,150 - 170,0,n/a,n/a
karlikow,Karlików,PL,500 - 650,1.2,n/a,n/a
schiessberg-crottendorf,Schießberg / Crottendorf,DE,669 - 764,1,n/a,n/a
orawka,Orawka,PL,682 - 734,0,n/a,n/a
horni-vltavice,Horní Vltavice,CZ,810 - 900,0.7,"465,00",CZK
zwiesel-glasberg,Zwiesel / Glasberg,DE,550 - 600,1,"16,00",€
skilift-bonka,Bonka,AT,384 - 410,1,"6,50",€
sv-fischbach,SV Fischbach,DE,555 - 620,1.1,n/a,n/a
wehrsdorf,Wehrsdorf,DE,350 - 390,0,n/a,n/a
ski-centrum-kalnica,Ski centrum Kálnica,SK,245 - 396,1.3,n/a,n/a
modra-hvezda,Modrá Hvězda / Rokytnice nad Jizerou,CZ,610 - 736,1.1,n/a,n/a
monte-sperlasso,Monte Sperlasso / Velburg,DE,520 - 550,0.3,"7,00",€
skilifte-waltersdorf,Skilifte Waltersdorf,DE,510 - 624,1.2,n/a,n/a
senozeta,Senožeta,SI,590 - 720,2,n/a,n/a
winterberg-oberkirnach-sankt-georgen,St. Georgen / Winterberg Oberkirnach,DE,850 - 902,0.5,"19,00",€
hohewandwiese,Hohe Wand Wiese / Dryslope,AT,258 - 370,0.1,n/a,n/a
inzell-kessel-lifte,Inzell Kessel-Lifte,DE,700 - 750,2.2,"19,00",€
schoeneck,Schöneck - Hohe Reuth,DE,620 - 750,2,"25,00",€
stribrnice-navrsi,Stříbrnice-Návrší,CZ,650 - 870,0,n/a,n/a
stokinger-freudenstadt,Wintersport Stokinger Freudenstadt,DE,620 - 800,1.3,n/a,n/a
elza-ski,Elza-Ski,CZ,860 - 938,0,n/a,n/a
knezicky-vrch,Vrchlabí - Kněžický vrch,CZ,550 - 710,8.2,n/a,n/a
laubenthal,Laubenthal,DE,480 - 525,0.3,n/a,n/a
bialy-jar,Winterpol Karpacz - Biały Jar,PL,715 - 790,2.1,n/a,n/a
hart-nusplingen,Hart / Nusplingen,DE,870 - 920,0.6,n/a,n/a
samoty,Samoty,CZ,785 - 896,2.6,n/a,n/a
art-ski,Art-Ski,PL,712 - 805,0,n/a,n/a
vranca,Vranča,CZ,470 - 625,5.9,n/a,n/a
au-bad-feilnbach,Au / Bad Feilnbach,DE,510 - 560,0.3,n/a,n/a
certov-javorniky,Čertov Javorníky,SK,580 - 870,5.3,n/a,n/a
ski-alpinum-schulenberg,Ski-Alpinum Schulenberg,DE,500 - 660,2.6,n/a,n/a
tettau,Tettau / Wildberg,DE,635 - 750,3.5,n/a,n/a
waldskilift-schnittlingen,Schnittlingen,DE,653 - 707,1,n/a,n/a
mosbach-nuestenbach,Mosbach - Nüstenbach,DE,220 - 270,0.2,n/a,n/a
sonnenbuehl-genkingen,Sonnenbühl - Genkingen,DE,745 - 835,1.3,"19,00",€
kares,Kareš,CZ,556 - 648,0,n/a,n/a
sinswang-allgaeu,Sinswang,DE,800 - 870,1,n/a,n/a
alpincenter-hamburg-wittenburg,Alpincenter Hamburg-Wittenburg,DE,40 - 96,0,n/a,n/a
kralicak,Kraličák,CZ,628 - 870,7.9,n/a,n/a
eberschwang,Eberschwang,AT,615 - 740,1.5,n/a,n/a
skiarena-tannenberg,Skiarena Tannenberg / Waldkirch,CH,750 - 820,0.3,"15,00",CHF
prelac,Přelač,CZ,700 - 850,2.5,n/a,n/a
sauerberg-frammersbach,Sauerberg / Frammersbach,DE,279 - 379,2.1,"15,00",€
hesselberg,Hesselberg,DE,560 - 610,0.4,n/a,n/a
ski-lubomierz,Ski Lubomierz,PL,740 - 920,2.5,n/a,n/a
podstolice,Podstolice,PL,296 - 340,1.2,n/a,n/a
oberwangen,Oberwangen,CH,627 - 765,0.8,n/a,n/a
bleaml-alm-neubau,Bleaml Alm - Neubau / Fichtelberg,DE,780 - 850,0.4,n/a,n/a
maciejowa-ski,Maciejowa Ski / Rabka,PL,617 - 800,0,n/a,n/a
hirschberg-bizau,Hirschberg Bizau,AT,796 - 821,1,n/a,n/a
fahrendorf-velden,Skilift Fahrendorf,AT,450 - 530,0.4,n/a,n/a
sternenberg,Sternenberg,CH,838 - 884,0.3,n/a,n/a
wurmbergseilbahn-braunlage,Wurmbergseilbahn - Braunlage,DE,570 - 971,11.8,"42,00",€
lubawka,Lubawka,PL,540 - 695,3,n/a,n/a
sami-swoi,Sami Swoi,PL,790 - 912,0,n/a,n/a
blansko-horice,Blansko - Hořice,CZ,485 - 550,0,n/a,n/a
argental-weitnau-allgaeu,Argental / Weitnau,DE,846 - 970,0.5,n/a,n/a
narty-rzeczka,Narty Rzeczka,PL,756 - 840,0,n/a,n/a
kozi-plan,Kozí Pláň,CZ,680 - 730,1,n/a,n/a
freyung-geyersberg,Freyung - Geyersberg,DE,654 - 860,1,n/a,n/a
ski-blanc-ostry-grun-kollarova,Ski-Blanc Ostrý Grúň Kollárová,SK,450 - 580,1.8,n/a,n/a
bildhaus-ricken,Bildhaus am Ricken,CH,800 - 860,0.6,"25,00",CHF
zloty-stok,Złoty Stok,PL,160 - 215,0,n/a,n/a
wagnershalde-messstetten,Wagnershalde / Meßstetten,DE,920 - 950,0.2,n/a,n/a
myto-pod-dumbierom,Mýto pod Ďumbierom,SK,598 - 898,4.7,"33,00",€
hasslach,Haßlach,DE,620 - 650,0,n/a,n/a
dolomity-ski-dolina,Dolomity Ski Dolina,PL,315 - 340,0.7,n/a,n/a
ski-land-stara-myjava,Ski Land Stará Myjava,SK,460 - 550,1.1,n/a,n/a
olesnice,Olešnice,CZ,560 - 660,1.1,n/a,n/a
widelki,Widełki,PL,305 - 410,0,n/a,n/a
jurasowka,Jurasówka,PL,400 - 450,0,n/a,n/a
schlossberg-osternohe,Schlossberg - Osternohe,DE,410 - 550,1,n/a,n/a
hohes-gras-kassel,Hohes Gras / Kassel,DE,525 - 605,0.5,n/a,n/a
filipov,Filipov,CZ,275 - 450,0.6,n/a,n/a
am-ried-farchant,Am Ried / Farchant,DE,670 - 772,0.6,"17,00",€
kraliky,Králiky,SK,805 - 929,2.4,n/a,n/a
koprivna,Kopřivná,CZ,680 - 860,1.4,n/a,n/a
nezdice,Nezdice,CZ,608 - 726,1.5,n/a,n/a
schilift-hotz,Hotz - Oberweng / Spital am Pyhrn,AT,843 - 906,1.2,"17,00",€
szwajcaria-baltowska,Szwajcaria Bałtowska,PL,150 - 200,1.8,n/a,n/a
hohe-bracht-lennestadt,Hohe Bracht / Lennestadt,DE,490 - 580,0.5,"15,00",€
kalte-kuchl,Kalte Kuchl / Rohr im Gebirge,AT,720 - 788,1.1,"15,00",€
ceske-petrovice,České Petrovice,CZ,650 - 740,2.7,"490,00",CZK
straza-bled,Straža Bled,SI,503 - 634,1.4,n/a,n/a
podkonice-plese,Podkonice - Pleše,SK,800 - 987,4.8,n/a,n/a
madrid-snowzone,Madrid SnowZone,ES,620 - 660,0.4,n/a,n/a
polanki,Polanki / Szczawa,PL,540 - 675,3,n/a,n/a
rusava,Rusava,CZ,386 - 456,0,n/a,n/a
hapfere-plaffeien,Hapfere / Plaffeien,CH,850 - 935,2,"22,00",CHF
crna,Črna na Koroškem,SI,575 - 789,3,n/a,n/a
skolnity,Skolnity Ski&amp;Bike Park,PL,762 - 770,2.2,n/a,n/a
skilift-am-kuelliggut,Skilift am Külliggut / Johanngeorgenstadt,DE,770 - 880,2,n/a,n/a
ruhestein,Ruhestein,DE,900 - 980,1,"27,00",€
szelment,Szelment,PL,52 - 256,1.9,n/a,n/a
nova-lhota,Nová Lhota,CZ,600 - 700,0.6,n/a,n/a
morsko,Morsko,PL,310 - 380,0,n/a,n/a
glasenberg,Glasenberg / Maria Neustift,AT,780 - 971,3,"18,00",€
kadlecak,Kadlečák,CZ,460 - 527,0.4,n/a,n/a
rucphen,SnowWorld Rucphen,NL,30 - 55,0.5,"52,50",€
jasenska-dolina,Jasenská dolina,SK,540 - 770,5.3,n/a,n/a
reka,Řeka,CZ,540 - 930,1.7,n/a,n/a
pasieki,Pasieki,PL,510 - 600,0,n/a,n/a
opalisko-zavazna-poruba,Opalisko Závažná Poruba,SK,710 - 950,3.2,n/a,n/a
schoenheide-stuetzengruen,Schönheide / Stützengrün,DE,585 - 638,0.8,n/a,n/a
ski-park-chlmec,Ski Park Chlmec,SK,302 - 495,1.6,n/a,n/a
wirtsberg-bartholomae,Wirtsberg / Bartholomä,DE,650 - 700,0.2,n/a,n/a
truches,Les Truches,FR,580 - 625,0.2,n/a,n/a
gehrenlift-bischofsgruen,Gehrenlift - Bischofsgrün,DE,680 - 755,0.6,n/a,n/a
unterwoessen-balsberg,Unterwössen - Balsberg,DE,560 - 615,0.4,"7,00",€
heumoederntal-treuchtlingen,Heumöderntal - Treuchtlingen,DE,448 - 525,0.6,"24,00",€
snowland-valcianska-dolina,SNOWLAND – Valčianska dolina,SK,510 - 830,4.7,n/a,n/a
entenberg-leinburg,Entenberg - Leinburg,DE,440 - 540,0.5,n/a,n/a
svata-anna,Svatá Anna,CZ,450 - 600,0.8,n/a,n/a
skilift-beiningen,Beiningen / Blaubeuren,DE,655 - 695,0,"17,00",€
velke-ostre,Veľké Ostré,SK,560 - 660,0.7,n/a,n/a
waldzell,Waldzell,AT,650 - 750,1.5,"18,00",€
biocel-zlatnik,Biocel Zlatník,CZ,640 - 724,1.3,n/a,n/a
riedlberg,Riedlberg,DE,715 - 850,1.3,n/a,n/a
oberstocken-tieringen-messstetten,Oberstocken Tieringen / Meßstetten,DE,820 - 880,0.4,n/a,n/a
skilift-treisberg-pferdskopf,Skilift Treisberg / Pferdskopf,DE,700 - 770,1.1,n/a,n/a
jaworki-homole,Arena Narciarska Jaworki Homole,PL,590 - 705,4,n/a,n/a
beerfelden,Beerfelden,DE,440 - 525,0.5,n/a,n/a
celjska-koca,Celjska koča,SI,650 - 834,1,n/a,n/a
polana-sosny,Polana Sosny,PL,496 - 582,0,n/a,n/a
buchsteinlift,Buchsteinlift / St. Gallen,AT,580 - 720,1,n/a,n/a
czarny-gron,Czarny Groń,PL,595 - 810,1.7,n/a,n/a
wiesensteig-blaesiberg,Wiesensteig - Bläsiberg,DE,605 - 761,5,"23,00",€
sabat-krajno,Sabat Krajno,PL,425 - 330,0,n/a,n/a
ski-karlov,SKI ARENA KARLOV,CZ,650 - 940,12.3,n/a,n/a
grand-valtin,Grand Valtin / Ban-sur-Meurthe-Clefcy,FR,850 - 930,0.5,n/a,n/a
ruhrquelle,Rodelparadies Ruhrquellenhütte,DE,640 - 675,0.6,"32,00",€
burov,Búřov,CZ,500 - 620,1.1,n/a,n/a
bedrichov,Bedřichov / Jizerky,CZ,710 - 802,4.5,"580,00",CZK
pod-solanem,Pod Soláněm,CZ,676 - 714,1,n/a,n/a
skilift-freistadt,Freistadt,AT,590 - 690,1,"25,00",€
oberzent-schoellenbach,Oberzent - Schöllenbach,DE,314 - 352,0.2,n/a,n/a
sportcentrum-oscadnica,Športcentrum Oščadnica,SK,470 - 570,0.6,n/a,n/a
luisino-udoli,Luisino údolí,CZ,750 - 860,0.9,"490,00",CZK
czorsztyn-ski,CZORSZTYN-SKI,PL,611 - 758,4.4,n/a,n/a
skigebiet-schneiderkopf-buch,Schneiderkopf Buch,AT,700 - 880,0,n/a,n/a
bad-laasphe-hesselbach,Bad Laasphe - Hesselbach,DE,450 - 624,0.9,"15,00",€
koziniec-ski,Koziniec ski,PL,760 - 890,2.2,n/a,n/a
kaiserlindenlift-gams,Kaiserlindenlift Gams,AT,530 - 650,0.8,n/a,n/a
laskowa-kamionna,Laskowa Kamionna,PL,496 - 801,4.8,n/a,n/a
wojtek,Wojtek - Zawoja,PL,650 - 714,2.1,n/a,n/a
ski-park-rajecka-lesna,Ski Park Rajecká Lesná,SK,595 - 875,3.3,n/a,n/a
czarnorzeki,Czarnorzeki,PL,440 - 508,0,n/a,n/a
gehlberg,Gehlberg,DE,670 - 915,0,n/a,n/a
skipark-eland,Skipark Eland,SK,480 - 600,2,n/a,n/a
szus,Szus Koniaków,PL,684 - 868,0.2,n/a,n/a
hochplett-oberaschau,Hochplett / Oberaschau,AT,650 - 750,4,"18,00",€
heubach,Heubach,DE,678 - 768,2.3,"26,00",€
obidowa,Obidowa,PL,830 - 925,0,n/a,n/a
skilift-koenigsbronn,Königsbronn,DE,535 - 600,0.5,n/a,n/a
branna,Branná,CZ,630 - 750,2.2,n/a,n/a
truchtelfingen,Albstadt / Truchtelfingen,DE,755 - 775,0.3,n/a,n/a
komari-vizka,Komáří Vížka,CZ,640 - 770,2,n/a,n/a
mlynky-dedinky-snow-fun-sun,Mlynky - Dedinky - Gugel / Biele Vody,SK,730 - 996,5.4,n/a,n/a
bregtallift-furtwangen,Bregtallift / Furtwangen,DE,900 - 990,1,n/a,n/a
mackenheim-abtsteinach,Mackenheim - Abtsteinach,DE,420 - 465,0.3,n/a,n/a
olczan-ski,Olczań ski,PL,880 - 950,0,n/a,n/a
wasserkuppe,Wasserkuppe,DE,500 - 950,2.5,"23,00",€
ribnisko-pohorje,Ribniško Pohorje,SI,725 - 921,2.2,"25,00",€
albstadt-tailfingen,Albstadt / Tailfingen,DE,810 - 935,1.5,"15,00",€
svinec,Svinec,CZ,390 - 510,0,n/a,n/a
ski-centre-levoca,Ski Centre Levoča,SK,634 - 876,3.3,n/a,n/a
rothenberg-schnaittach,Rothenberg - Schnaittach,DE,395 - 490,0.7,n/a,n/a
porac-brodok,Brodok - Poráč,SK,674 - 810,1.2,n/a,n/a
czantoria,Czantoria,PL,389 - 851,4.5,n/a,n/a
orava-snow-oravska-lesna,Orava Snow - Oravská Lesná,SK,760 - 963,9.6,n/a,n/a
moenchswald-mitteleschenbach,Mönchswald - Mitteleschenbach,DE,410 - 460,0.6,n/a,n/a
sahnehang,Familienskigebiet Sahnehang,DE,780 - 836,0.7,"24,00",€
paseky-nad-jizerou,Paseky nad Jizerou / Rokytnice nad Jizerou,CZ,620 - 860,9,n/a,n/a
skilift-rettenegg,Rettenegg,AT,870 - 900,0.2,n/a,n/a
mezihori,Mezihoří,CZ,660 - 745,0.7,n/a,n/a
wujskie,Wujskie,PL,425 - 500,0,n/a,n/a
kotelnica-bialczanska,Kotelnica Białczańska,PL,700 - 934,19.2,n/a,n/a
bile-karpaty-mikulcin,Bílé Karpaty - Mikulčin,CZ,610 - 740,2,n/a,n/a
przemysl,Przemyśl,PL,235 - 345,2.9,n/a,n/a
arnsberglifte,Arnsberglifte,DE,595 - 843,9.7,n/a,n/a
soszow,Soszów,PL,610 - 886,5.6,n/a,n/a
frankenlift-wurzbach,Frankenlift Wurzbach,DE,540 - 695,0,n/a,n/a
schleissberg-ohorn,Schleißberg / Ohorn,DE,370 - 410,0.2,n/a,n/a
malta-ski,Malta Ski,PL,60 - 80,0.2,n/a,n/a
skianlage-schloppach,Skianlage Schloppach / Waldsassen,DE,450 - 510,0.2,n/a,n/a
lisak-stribrna,Lišák Stříbrná,CZ,620 - 800,3.1,"250,00",CZK
benzeck-reit-im-winkl,Benzeck / Reit im Winkl,DE,700 - 750,0,n/a,n/a
ski-centrum-brezovica-casa-mia,SKI centrum Brezovica Casa Mia,SK,750 - 900,2.9,n/a,n/a
gromadzyn,Gromadzyń,PL,505 - 650,0,n/a,n/a
carlsfeld,Carlsfeld,DE,865 - 945,0,n/a,n/a
hanslmuehle,Hanslmühle / Mauern,DE,420 - 460,1,n/a,n/a
schmiedefeld-am-rennsteig,Winterwelt Schmiedefeld,DE,740 - 890,2.5,"24,00",€
skilifte-braunlage,Ski- &amp; Rodelcentrum Hohegeiß / Braunlage,DE,520 - 645,1,n/a,n/a
mendl-ski-brestek,Mendl ski Břestek,CZ,270 - 340,0.5,n/a,n/a
stich-opfertshofen,Skilift Stich / Opfertshofen,CH,600 - 665,0.4,n/a,n/a
oberneukirchen,Oberneukirchen,AT,696 - 753,0.4,n/a,n/a
stoaninger-alm,Stoaninger Alm,AT,710 - 805,1.2,"16,00",€
jachenau-muehle,Jachenau / Mühle,DE,775 - 870,1,n/a,n/a
ludwigsstadt,Skizentrum Ludwigsstadt / Wetzel,DE,470 - 700,0,n/a,n/a
oedberglifte,Oedberglifte - Gmund am Tegernsee,DE,800 - 970,2,n/a,n/a
gora-chrobrego,Góra Chrobrego,PL,35 - 85,0,n/a,n/a
hochberg-heidenheim,Hochberg in Heidenheim,DE,510 - 630,1,n/a,n/a
bystre-hamry,Bystré Hamry,CZ,525 - 605,0.5,n/a,n/a
kirchberglift-oberweissbach,Kirchberglift / Oberweißbach,DE,739 - 785,0.9,"15,00",€
horni-udoli,Horní Údolí,CZ,625 - 770,1.5,"390,00",CZK
altenberg-geising,Altenberg,DE,740 - 830,0,"23,00",€
rettenbach,Rettenbach,AT,452 - 568,0,n/a,n/a
okocim-ski,Okocim Ski,PL,220 - 255,0,n/a,n/a
zagron,Zagroń,PL,552 - 684,3.7,n/a,n/a
larcenaire-bussang,Larcenaire - Bussang,FR,825 - 960,5,"20,30",€
jonas-park-ostruzna,Jonas Park Ostružná,CZ,700 - 835,2.1,n/a,n/a
bruchhausen-steinen-sternrodt,Skisportzentrum Sternrodt Bruchhausen a. d. Steinen / Olsberg,DE,600 - 800,1.9,"25,00",€
muensingen-dottingen,Münsingen / Dottingen,DE,750 - 850,2,n/a,n/a
erbeskopf-thalfang,Erbeskopf - Thalfang,DE,675 - 815,2,"17,00",€
hlinsko,Hlinsko,CZ,555 - 645,1.1,n/a,n/a
sodrazica,Izver - Sodražica,SI,535 - 622,0.8,n/a,n/a
enzkloesterle,Hirschkopflifte / Enzklösterle,DE,650 - 850,1.6,n/a,n/a
makovica-nizna-polianka,Nižná Polianka / Makovica,SK,458 - 648,1,"21,00",€
bad-sachsa-ravensberg,Bad Sachsa - Ravensberg,DE,600 - 660,4.4,n/a,n/a
landgraaf,SnowWorld Landgraaf,NL,150 - 220,1.6,"53,50",€
kolsassberg,Kleinskigebiet Kolsassberg,AT,750 - 800,0.6,"24,00",€
beuerberg,Beuerberg,DE,600 - 630,1,n/a,n/a
schafbuel-wildberg,Schafbüel - Wildberg,CH,685 - 710,0.2,n/a,n/a
iberg-allgaeu,Iberg,DE,740 - 960,2.5,"24,00",€
horni-podluzi,Horní Podluží,CZ,450 - 560,0,n/a,n/a
snowworld-amsterdam,SnowWorld Amsterdam,NL,10 - 30,0.4,"53,50",€
velka-javorina,Veľká Javorina,SK,820 - 940,1.5,n/a,n/a
oaza-loucna-nad-desnou,Oaza - Loučná nad Desnou,CZ,400 - 605,0,n/a,n/a
frauenau,Frauenau,DE,635 - 712,0.5,n/a,n/a
st-andreasberg-sonnenberg,St. Andreasberg - Sonnenberg,DE,720 - 853,3.6,"27,00",€
cervena-voda,Červená Voda,CZ,600 - 985,4.6,n/a,n/a
sedlonov,Sedloňov,CZ,645 - 700,0.9,n/a,n/a
suche,Suche,PL,795 - 915,2,n/a,n/a
oberfrauenwald,Oberfrauenwald / Waldkirchen,DE,650 - 948,1.4,"19,00",€
regetovka,Regetovka,SK,520 - 760,3,n/a,n/a
budzowy-wierch,Budzowy Wierch,PL,840 - 900,0,n/a,n/a
hirschbergarena-wickenrode-helsa,Hirschbergarena - Wickenrode / Helsa,DE,390 - 430,0.2,n/a,n/a
sundern-wildewiese,Sundern - Wildewiese,DE,540 - 645,7.5,"25,00",€
moninec,Monínec,CZ,480 - 700,2,n/a,n/a
piast,Jastrzębica – Przyłęków,PL,554 - 736,3.9,n/a,n/a
furtnerlifte,Furtnerlifte / Rohr im Gebirge,AT,800 - 927,0,"24,00",€
kalnica,Kalnica,PL,600 - 700,2.3,n/a,n/a
reiserhang,Reiserhang,DE,735 - 835,1.1,"22,00",€
ice-mountain-adventure-park-komen,Ice Mountain Adventure Park Komen,BE,50 - 90,0.3,n/a,n/a
slawicki-raj,Sławicki Raj,PL,275 - 335,1.1,n/a,n/a
am-hainberg-olbernhau,Am Hainberg / Olbernhau,DE,506 - 602,0.5,n/a,n/a
usseln,Usseln,DE,640 - 730,1,n/a,n/a
schoemberg-eulenloch,Schömberg / Eulenloch,DE,620 - 540,1.6,"15,00",€
hoellkreuz-hoellhoehe,Höllkreuz - Höllhöhe / Neukirchen b. Hl. Blut,DE,612 - 750,0.7,n/a,n/a
zdobnice,Zdobnice,CZ,605 - 730,2.1,n/a,n/a
heiden-bischofsberg,Heiden / Bischofsberg,CH,810 - 940,5,n/a,n/a
klema,Klema,CZ,845 - 900,0,n/a,n/a
la-baitina-druogno,La Baitina / Druogno,IT,830 - 930,1.3,n/a,n/a
awengen-eberhardzell,Awengen / Eberhardzell,DE,597 - 648,0.3,n/a,n/a
milda-loessnitz,Milda am Hirnschädel / Lößnitz,DE,430 - 550,2,"20,00",€
velke-mezirici-fajtuv-kopec,Velké Meziříčí - Fajtův kopec,CZ,490 - 555,0,n/a,n/a
u-capa,U Čápa,CZ,680 - 790,3,n/a,n/a
salzwinkel,Salzwinkel / Zainingen,DE,780 - 840,1.2,n/a,n/a
strazny,Strážný,CZ,848 - 970,0,"450,00",CZK
szance,Szańce,PL,646 - 715,0,n/a,n/a
roethenhang-neuschleichach,Röthenhang - Neuschleichach,DE,390 - 465,0.5,n/a,n/a
pfeffingen,Albstadt / Pfeffingen,DE,750 - 810,0.4,"6,00",€
studenov,Studenov / Rokytnice nad Jizerou,CZ,620 - 933,3.6,n/a,n/a
smerekowiec,Smerekowiec,PL,460 - 524,0.8,n/a,n/a
hamberg-gaehwil,Hamberg - Gähwil,CH,760 - 905,0.8,n/a,n/a
egg-hallau,Egg / Hallau,CH,520 - 560,0.2,n/a,n/a
kniebis-freudenstadt,Kniebis Freudenstadt,DE,920 - 960,1.3,"20,00",€
frauenzell-brennberg,Frauenzell / Brennberg,DE,552 - 652,0.4,n/a,n/a
roemerstein-donnstetten,Donnstetten / Römerstein,DE,800 - 854,1,"25,00",€
greuth-gerstetten,Wintersportzentrum Greuth,DE,574 - 634,0.7,n/a,n/a
ski-mojtin,Ski Mojtín,SK,697 - 942,7,n/a,n/a
filzberg,Filzberg / Landsberied,DE,550 - 580,0.2,n/a,n/a
harenda,Harenda,PL,770 - 980,3.3,n/a,n/a
thalgau,Thalgau,AT,770 - 913,1,"16,00",€
zloty-gron,Złoty Groń,PL,550 - 700,2.7,n/a,n/a
ovifat,Ovifat,BE,522 - 610,1.6,"25,00",€
krusetnica,Krušetnica,SK,660 - 810,1.2,n/a,n/a
schilift-reuthe-baien,Reuthe - Baien,AT,650 - 750,1.1,n/a,n/a
val-de-wanne,Val de Wanne / Trois-Ponts,BE,360 - 500,1.5,"15,00",€
alsovka-medenec,Alšovka Měděnec,CZ,675 - 771,0.9,n/a,n/a
ski-klacno,Ski Kľačno,SK,450 - 650,1.4,"10,00",€
birkholzlift-heinersreuth,Birkholzlift Heinersreuth / Presseck,DE,580 - 675,0,n/a,n/a
rybno,Rybno,PL,117 - 140,1.5,n/a,n/a
deesbach-skilift,Deesbach Skilift,DE,660 - 744,0.6,n/a,n/a
raliska,Rališka,CZ,605 - 729,1.9,n/a,n/a
skilift-oybin-hain,Skilift Oybin - Hain / Johannisstein,DE,550 - 590,0.3,n/a,n/a
maelzerberg,Mälzerberg / Schirgiswalde,DE,300 - 350,0.4,n/a,n/a
luzna,Lužná,CZ,474 - 655,0,n/a,n/a
bachledova-deny,Bachledova DENY,SK,820 - 960,1.9,n/a,n/a
porac-park,Poráč Park,SK,595 - 780,2.6,n/a,n/a
brilon-poppenberg,Brilon - am Poppenberg,DE,480 - 600,0.6,n/a,n/a
osovje,Osovje,SI,735 - 820,0,n/a,n/a
ebingen,Albstadt / Ebingen,DE,763 - 923,2.1,"20,00",€
postwiese-neuastenberg,Postwiese - Neuastenberg,DE,610 - 730,9,"40,00",€
eschenfelden-hirschbach,Eschenfelden - Hirschbach,DE,450 - 491,0.3,n/a,n/a
strban,Štrbáň,CZ,447 - 535,0.6,n/a,n/a
kamianna,Kamianna,PL,570 - 660,2,n/a,n/a
cerna-ricka,Černá Říčka,CZ,685 - 788,2.4,n/a,n/a
skomielna-czarna,Skomielna Czarna Ski,PL,490 - 575,0.8,n/a,n/a
haut-du-tot,Haut du Tôt,FR,865 - 865,0.4,"5,00",€
ziar-dolinky,Žiar - Dolinky,SK,810 - 902,0.9,n/a,n/a
brombergalm,Bromberg Alm,DE,820 - 920,1.7,n/a,n/a
murzasichle,Murzasichle,PL,840 - 894,1,n/a,n/a
schamhaupten,Schamhaupten - Altmannstein,DE,413 - 475,0,n/a,n/a
lubinka,Lubinka / Janowice,PL,290 - 404,0,n/a,n/a
dicki-weisslingen,Dicki - Weisslingen,CH,590 - 620,0.2,n/a,n/a
battenhausen,Battenhausen / Hohes Lohr,DE,510 - 590,0,n/a,n/a
janova-hora,Janova Hora,CZ,625 - 820,0.9,n/a,n/a
u-sachovy-studanky,U Sachovy studánky,CZ,630 - 740,1.7,n/a,n/a
przywidz,Przywidz,PL,210 - 255,0.6,n/a,n/a
heigenbruecken,Heigenbrücken / Winterloch,DE,320 - 455,0.8,n/a,n/a
zieleniec,Zieleniec,PL,800 - 960,12.1,n/a,n/a
logarska-dolina,Logarska dolina,SI,740 - 800,0,n/a,n/a
krzyzowa-gora,Krzyżowa Góra / Lidzbark Warmiński,PL,75 - 127,0,n/a,n/a
skiclub-falkenau,Skiclub Falkenau,DE,325 - 375,0.4,n/a,n/a
sitzberg,Sitzberg,CH,770 - 800,0.2,n/a,n/a
salamandra,Salamandra,SK,579 - 850,1.4,"45,00",€
cenkovice,Čenkovice,CZ,750 - 958,4.5,n/a,n/a
solan-bzove,Soláň - Bzové,CZ,640 - 720,1.6,n/a,n/a
encijan,Encijan,SI,620 - 685,0,n/a,n/a
oetzlifte-kochel,Ötzlifte Kochel - Rabenkopf,DE,650 - 860,1.6,"25,00",€
skalanka,Skalanka / Zwardón,PL,648 - 825,0.5,n/a,n/a
vankuv-kopec,Vaňkův kopec,CZ,324 - 400,1.9,n/a,n/a
vernar-studnicky,Vernár-Studničky,SK,800 - 960,1.3,n/a,n/a
herzogsreut-hinterschmiding,Herzogsreut - Hinterschmiding,DE,790 - 855,1,"10,00",€
grosser-feldberg-oberreifenberg,Großer Feldberg / Oberreifenberg,DE,880 - 660,0.4,"16,00",€
heipark-tosovice,Heipark Tošovice,CZ,384 - 463,1.4,n/a,n/a
weidekamp-burbach,Weidekamp / Burbach,DE,420 - 520,0,"14,00",€
limanowa-ski,Limanowa Ski,PL,612 - 780,2,n/a,n/a
oberwaldlift-faistenau,Oberwaldlift Faistenau,AT,814 - 970,1.2,"14,00",€
snowpark-lucivna,Snowpark Lučivná,SK,746 - 856,1.2,n/a,n/a
falkenstein,Falkenstein,DE,580 - 650,0.4,n/a,n/a
simmersfeld,Simmersfeld,DE,750 - 830,3.2,n/a,n/a
winterberg,Skiliftkarussell Winterberg,DE,639 - 810,27.5,"49,00",€
la-combe-saint-pierre,La Combe Saint-Pierre,FR,870 - 990,2.7,"14,00",€
schoeder,Koarfeldlift / Schöder,AT,892 - 955,0.3,"17,00",€
ostra-gora,Ostra Góra,PL,300 - 400,0,n/a,n/a
brnenka,Brněnka,CZ,506 - 610,2.9,n/a,n/a
skilift-griminitzen,Griminitzen,AT,630 - 800,1,"14,00",€
bergwiesenlift-schwarzenbach,Bergwiesenlift / Schwarzenbach am Wald,DE,600 - 680,1,n/a,n/a
monte-kienader,Monte Kienader / Bergkirchen,DE,501 - 535,1,n/a,n/a
gschwend,Gschwend,DE,490 - 560,1,n/a,n/a
rusin-ski,Rusin ski,PL,807 - 933,0,n/a,n/a
giller-hilchenbach-luetzel,Giller / Hilchenbach-Lützel,DE,560 - 650,0.5,n/a,n/a
brtnice,Brtnice,CZ,560 - 620,0.4,n/a,n/a
pungrat,Pungrat,SI,415 - 430,0,n/a,n/a
marianky,Mariánky,CZ,650 - 758,1.6,n/a,n/a
sacberk,Šacberk / Zborná,CZ,516 - 613,0.4,n/a,n/a
heidenheim-schnaitheim-albuch,Heidenheim / Schnaitheim / Albuch,DE,540 - 590,1,"12,00",€
slotwiny-arena,Słotwiny Arena,PL,676 - 864,7.7,n/a,n/a
stacja-narciarska-myslenice,Stacja Narciarska Myślenice,PL,373 - 608,0,n/a,n/a
alberschwende,Alberschwende,AT,720 - 900,0,"26,00",€
malenovice,Malenovice,CZ,520 - 712,2.6,n/a,n/a
ustron-palenica,Stacja Narciarska Ustroń Palenica,PL,434 - 668,1.5,n/a,n/a
jedlova,Jedlová,CZ,536 - 776,2.6,n/a,n/a
maria-schmolln,Maria Schmolln,AT,500 - 540,0.2,"5,00",€
relax-center-plejsy,Relax Center Plejsy / Krompachy,SK,470 - 912,5.1,n/a,n/a
synot-kycerka,Synot Kyčerka,CZ,545 - 705,2.5,n/a,n/a
podjavornik,Podjavorník,SK,700 - 900,2,n/a,n/a
bukovnik,Bukovnik,SI,500 - 625,0.4,n/a,n/a
rugiswalde,Rugiswalde,DE,430 - 510,0.5,n/a,n/a
altglashuette,Altglashütte / Bärnau,DE,750 - 900,2,n/a,n/a
kiczera-ski,Kiczera-ski,PL,475 - 635,1.6,n/a,n/a
isny-felderhalde,Isny - Felderhalde / Max Wild Arena,DE,720 - 790,2.2,"23,00",€
ski-areal-hlubocky,Ski areál Hlubočky,CZ,300 - 380,1.3,n/a,n/a
skihal-aspen,SnowWorld Antwerpen,BE,16 - 64,0.3,"53,50",€
gora-kamiensk,Góra Kamieńsk,PL,213 - 336,2.2,n/a,n/a
hohe-acht-jammelshofen,Hohe Acht - Jammelshofen / Kaltenborn,DE,510 - 580,1.2,n/a,n/a
stupava,Stupava,CZ,340 - 450,1.2,n/a,n/a
koninki,Koninki,PL,655 - 964,2.4,n/a,n/a
kaltenbronn,Kaltenbronn,DE,858 - 958,0.6,"28,00",€
kozji-hrbet-2864-bohinj,Kozji hrbet / 2864 Bohinj,SI,555 - 633,0.5,n/a,n/a
kadernberg-schoenberg,Kadernberg – Schönberg,DE,610 - 690,0.5,n/a,n/a
eichholzkopf-dietzhoelztal,Eichholzkopf / Dietzhölztal,DE,552 - 608,0.4,n/a,n/a
glueck-auf-langewiese,Glück auf / Langewiese,DE,670 - 740,0,n/a,n/a
bystre,Bystre,PL,480 - 712,0,n/a,n/a
ostalb-skilifte-aalen,Ostalb-Skilifte / Aalen,DE,530 - 680,2.2,n/a,n/a
ski-snb-areal-surfanic,Ski &amp; Snb Areal Surfanic,CZ,520 - 650,1.6,n/a,n/a
ziarce-pavcina-lehota,ŽIARCE Pavčina Lehota,SK,750 - 907,3.1,"14,00",€
kreuzberg-bischofsheim,Kreuzberg - Bischofsheim,DE,610 - 918,13,n/a,n/a
ski-chem,Lopušná Dolina - Svit,SK,777 - 916,1.9,n/a,n/a
polevsko,Polevsko,CZ,520 - 605,0,n/a,n/a
geyersdorf,Geyersdorf,DE,660 - 760,0.5,n/a,n/a
potstat,Potštát,CZ,485 - 565,1.7,"500,00",CZK
zvicina,Zvičina,CZ,490 - 645,2.2,n/a,n/a
gedersberg,Gedersberg,AT,378 - 403,0.3,n/a,n/a
palenica,Palenica,PL,456 - 722,3.7,n/a,n/a
ski-armada-dolni-lomna,Ski Armáda Dolní Lomná,CZ,500 - 660,1.9,"660,00",CZK
javorovy-vrch,Javorový Vrch,CZ,424 - 968,1.5,n/a,n/a
gutachhalde-kappel,Gutachhalde - Lenzkirch - Kappel,DE,900 - 935,0.3,n/a,n/a
ski-mazury,Ski Mazury / Okrągłe,PL,150 - 214,1.4,n/a,n/a
poniwiec,Poniwiec,PL,600 - 814,0,n/a,n/a
birgitz,Birgitz,AT,875 - 940,1,n/a,n/a
ulovka,Ulovka - Jamnik,SI,640 - 801,1.7,n/a,n/a
klinek-predklasteri,Klínek Předklášteří,CZ,299 - 396,1.7,n/a,n/a
stary-gron,Stary Groń,PL,420 - 560,1,n/a,n/a
baraque-de-fraiture,Baraque de Fraiture,BE,520 - 644,2,"14,00",€
schiwiese-scheiterberg,Scheiterberg / Mannersdorf,AT,275 - 350,0,n/a,n/a
cypisek,Cypisek,PL,640 - 700,0,n/a,n/a
roehrenmoos-dietikon,Röhrenmoos / Dietikon,CH,460 - 490,0.3,n/a,n/a
unislaw,Unisław,PL,33 - 63,0.9,n/a,n/a
brennberglift-etzelwang,Brennberglift - Etzelwang,DE,427 - 567,1.1,n/a,n/a
paczoltowice,Paczółtowice,PL,388 - 446,1.1,n/a,n/a
polczakowka,Polczakówka,PL,465 - 568,0.7,n/a,n/a
rhein-weser-lift-oberhundem,Rhein-Weser-Lift / Oberhundem,DE,590 - 624,2,n/a,n/a
kliny,Klíny - Rašov,CZ,580 - 720,2.8,n/a,n/a
jahodna,Jahodná,SK,585 - 705,1.4,n/a,n/a
burladingen,Burladingen,DE,740 - 905,3.6,n/a,n/a
ostra,Ostrá,CZ,650 - 743,1.1,n/a,n/a
ski-malachov-medvedica,SKI Malachov Medvedica,SK,538 - 727,1.3,n/a,n/a
slotwiny,Słotwiny,PL,691 - 891,1.5,n/a,n/a
trnava-luhy,Trnava-Luhy,CZ,430 - 505,1,n/a,n/a
kozara,Kozara,BA,680 - 800,1,"23,00",BAM
kralova-pri-zvolene,Kráľová pri Zvolene,SK,650 - 800,2,n/a,n/a
ochodzitaski,OchodzitaSki,PL,738 - 870,0,n/a,n/a
zwoelfmorgental-wernigerode,Zwölfmorgental Wernigerode,DE,380 - 465,0,n/a,n/a
bocksberg-hahnenklee,Bocksberg-Hahnenklee,DE,560 - 727,1.7,"28,90",€
blockhaus-belmicke,Blockhaus - Belmicke,DE,436 - 465,0.3,"10,00",€
ski-zbojska,Ski Zbojská,SK,800 - 900,0.6,n/a,n/a
skicentrum-kokava-linia,Skicentrum Kokava-línia,SK,620 - 820,2,n/a,n/a
dalecin,Dalečín,CZ,525 - 640,2.5,n/a,n/a
cihadlo,Čihadlo,CZ,585 - 639,0,n/a,n/a
chyrowa-ski,Chyrowa-Ski,PL,470 - 660,2.7,n/a,n/a
schoenscheidlifte-hartenrod,Schönscheidlifte / Hartenrod,DE,370 - 498,2.3,"13,00",€
pezinska-baba,Pezinská Baba,SK,403 - 595,3.6,n/a,n/a
pernink,Nádraží - Pernink,CZ,827 - 996,2,n/a,n/a
alpincenter-bottrop,Alpincenter Bottrop,DE,36 - 113,0.6,n/a,n/a
hardenberg-moellsiepen,Hardenberg-Möllsiepen / Meinerzhagen,DE,442 - 486,0.3,n/a,n/a
kempaland,Kempaland,CZ,432 - 546,0,n/a,n/a
le-chaluet,Le Chaluet,CH,700 - 740,0.2,n/a,n/a
althuette-waldmuenchen,Althütte Waldmünchen,DE,775 - 810,0.3,"25,00",€
u-steni,U Steni,PL,908 - 984,0,n/a,n/a
eisenberg-neuenstein,Eisenberg / Neuenstein,DE,530 - 610,1,"18,00",€
dickeloch-winterlingen,Dickeloch / Winterlingen,DE,715 - 765,0.6,n/a,n/a
rejdova,Rejdová,SK,580 - 755,0.9,n/a,n/a
novako-jachymov,Novako Jáchymov,CZ,800 - 930,4.2,n/a,n/a
wiezyca,Wieżyca,PL,190 - 235,1,n/a,n/a
dole-pri-litiji,Dole pri Litiji,SI,625 - 675,0,n/a,n/a
cienkow,Cieńków,PL,524 - 720,0,n/a,n/a
partecznik,Partecznik / Wisla,PL,450 - 540,0.7,n/a,n/a
schilift-hrast-feistritz-gail,Hrast / Feistritz a.d. Gail,AT,550 - 670,1.2,"28,00",€
kesselmannlift-faistenau,Kesselmannlift / Faistenau,AT,800 - 855,0.9,"15,00",€
lysa-gora-miedzygorze,Łysa Góra Międzygórze / Diament,PL,734 - 817,0,n/a,n/a
schmallenberger-hoehenlift,Schmallenberger Höhenlift,DE,460 - 630,2,"26,00",€
hoernli-schoenengrund,Hörnli - Schönengrund,CH,890 - 970,0.4,n/a,n/a
berger-hoehe,Berger Höhe / Wangen,DE,565 - 600,0.2,n/a,n/a
mojstrana,Mojstrana,SI,661 - 762,0.8,"21,00",€
onstmettingen-ruchtal,Albstadt - Onstmettingen / Ruchtal,DE,820 - 850,0.5,n/a,n/a
nattheim,Nattheim,DE,560 - 605,1,n/a,n/a
nella-bartosovice,Nella Bartošovice,CZ,575 - 650,0,n/a,n/a
schneitweg-regenstauf,Schneitweg - Regenstauf,DE,440 - 528,0.6,n/a,n/a
goldegg,Goldegg,AT,850 - 900,1,n/a,n/a
hochfeldlift-schwoich,Hochfeldlift / Schwoich,AT,630 - 720,1,n/a,n/a
kukmirn,Kukmirn / Zellenberg,AT,300 - 360,1,n/a,n/a
voegelsberg,Vögelsberg / Wattens,AT,866 - 980,0.5,n/a,n/a
sachrovka,Sachrovka / Rokytnice nad Jizerou,CZ,615 - 720,0.7,n/a,n/a
kandrse,Kandrše,SI,416 - 440,0,n/a,n/a
ski-bila,Ski Bílá,CZ,528 - 744,5.6,n/a,n/a
litmanova,Litmanová,SK,669 - 920,2.2,"20,00",€
avalanche,Avalanche,CZ,590 - 700,1.6,n/a,n/a
kavecany,Kavečany,SK,420 - 600,3.7,n/a,n/a
wasserfall-bestwig,Wasserfall - Bestwig / Fort Fun,DE,500 - 730,3,n/a,n/a
dacov-lom-lomnik,Dačov Lom - Lomník,SK,430 - 535,0.5,n/a,n/a
magura-skipark,Magura Skipark / Małastów,PL,530 - 790,1.4,n/a,n/a
seninka,Seninka,CZ,450 - 556,0,n/a,n/a
hodonin,Hodonín,CZ,500 - 595,0.7,n/a,n/a
quellenwiese,Quellenwiese / Neusiedl,AT,500 - 550,0.2,n/a,n/a
wurmstein,Wurmstein / Flossenbürg,DE,644 - 766,1.3,n/a,n/a
ebersdorf-saldenburg,Ebersdorf / Saldenburg,DE,450 - 480,0,n/a,n/a
rabenkopf-oberau,Rabenkopf - Oberau,DE,680 - 765,1,"17,00",€
kocianka,Kocianka / Čeladná - Podolánky,CZ,650 - 720,0.9,n/a,n/a
obri-sud-javornik,Obří sud Javorník,CZ,520 - 650,1.5,n/a,n/a
stebnicka-huta,Stebnícka Huta,SK,520 - 690,1.4,n/a,n/a
premyslov,Přemyslov,CZ,720 - 940,2.4,n/a,n/a
jimramov,Jimramov,CZ,550 - 630,0,n/a,n/a
peklak,Peklák,CZ,395 - 545,0.9,n/a,n/a
gurten,Gurten / Bern,CH,570 - 855,0.2,n/a,n/a
schmiedhornlift,Schmiedhornlift / Faistenau,AT,800 - 980,0.8,"12,00",€
stelzen-lohnsburg,Stelzen / Lohnsburg am Kobernaußerwald,AT,637 - 735,1.7,n/a,n/a
mosty-u-jablunkova,Mosty u Jablunkova,CZ,550 - 700,2.2,n/a,n/a
la-bonade-grand-combe-chateleu,La Bonade – Grand&#039;Combe Chateleu,FR,750 - 970,0.8,"16,50",€
zeyers-wies,Zeyer&#039;s Wies / Bolheim,DE,534 - 567,0.3,n/a,n/a
gohrersberg-kreuzthal,Gohrersberg / Kreuzthal,DE,820 - 964,2,n/a,n/a
duerre-fichte-siegmundsburg,An der dürren Fichte / Siegmundsburg,DE,800 - 840,0.4,n/a,n/a
harusak-nove-mesto-na-morave,Harusák / Nové Město na Moravě,CZ,640 - 741,0.7,n/a,n/a
boettingen,Böttingen,DE,920 - 980,0.4,"15,00",€
smrek,Smrek,PL,634 - 700,0,n/a,n/a
vysna-slana-julius,Vyšná Slaná - Július,SK,500 - 800,1.4,n/a,n/a
beskid-spytkowice,Beskid-Spytkowice,PL,625 - 750,2.1,n/a,n/a
skilift-peretseck-sankt-johann-am-walde,Peretseck / St. Johann am Walde,AT,560 - 640,0.5,n/a,n/a
taennicht-sohland,Tännicht / Sohland a. d. Spree,DE,385 - 450,0.8,n/a,n/a
ceske-zleby,České Žleby,CZ,920 - 990,1.9,"500,00",CZK
nemcicky,Němčičky,CZ,180 - 260,1,n/a,n/a
dylewska-gora,Dylewska Góra,PL,230 - 270,0.5,n/a,n/a
fuerstberg-eppenschlag,Fürstberg – Eppenschlag,DE,560 - 617,0.3,n/a,n/a
dellach-rietschach,Dellach im Drautal / Rietschach,AT,610 - 650,0.5,"14,00",€
frickovce,Fričkovce,SK,460 - 550,1,n/a,n/a
czarnow,Czarnów,PL,575 - 706,0,n/a,n/a
schwarzer-mann-pruem,Schwarzer Mann / Gondenbrett - Prüm,DE,610 - 697,1.6,"16,00",€
karsee-wangen,Karsee / Wangen,DE,615 - 665,0.8,n/a,n/a
pod-dziedzicem,Pod Dziedzicem,PL,354 - 437,0,n/a,n/a
rimberg-schmallenberg,Rimberg / Schmallenberg,DE,675 - 713,0.7,"26,00",€
vogelsberg,Vogelsberg,DE,580 - 745,1.5,"18,00",€
